finalID,Name,CountOffinalID,Synonym,RequestAddition,ManualLink,Notes
Ablabesmyia,Ablabesmyia,1,0,0,,
Ablabesmyia annulata,Ablabesmyia annulata,1,0,0,,
Ablabesmyia aspera,Ablabesmyia aspera,1,0,0,,
Ablabesmyia janta,Ablabesmyia janta,1,0,0,,
Ablabesmyia mallochi,Ablabesmyia mallochi,1,0,0,,
Ablabesmyia peleensis,Ablabesmyia peleensis,1,0,0,,
Acanthocyclops brevispinosus,Acanthocyclops brevispinosus,1,0,0,,
Acanthocyclops vernalis,Acanthocyclops vernalis,1,0,0,,
Acari,Acari,1,0,0,,
Acentrella,Acentrella,1,0,0,,
Acentrella nadineae,Acentrella nadineae,1,0,0,,
Acentrella parvula,Acentrella parvula,1,0,0,,
Acentrella turbida,Acentrella turbida,1,0,0,,
Acerpenna,Acerpenna,1,0,0,,
Acerpenna macdunnoughi,Acerpenna macdunnoughi,1,0,0,,
Acerpenna pygmaea,Acerpenna pygmaea,1,0,0,,
Acroneuria,Acroneuria,1,0,0,,
Acroneuria abnormis,Acroneuria abnormis,1,0,0,,
Acroneuria carolinensis,Acroneuria carolinensis,1,0,0,,
Acroneuria lycorias,Acroneuria lycorias,1,0,0,,
Actinobdella,Actinobdella,1,0,0,,
Adicrophleps hitchcocki,Adicrophleps hitchcocki,1,0,0,,
Aeolosoma,Aeolosoma,1,0,0,,
Aeolosomatidae,Aeolosomatidae,1,0,0,,
Aeshna,Aeshna,1,0,0,,
Aeshnidae,Aeshnidae,1,0,0,,
Agabus,Agabus,1,0,0,,
Agapetus,Agapetus,1,0,0,,
Agarodes,Agarodes,1,0,0,,
Agnetina,Agnetina,1,0,0,,
Agnetina capitata,Agnetina capitata,1,0,0,,
Agraylea,Agraylea,1,0,0,,
Agrypnia,Agrypnia,1,0,0,,
Allocapnia,Allocapnia,1,0,0,,
Allognosta,Allognosta,1,0,0,,
Alloperla,Alloperla,1,0,0,,
Alloperla usa,Alloperla usa,1,0,0,,
Ameletus,Ameletus,1,0,0,,
Ameletus lineatus,Ameletus lineatus,1,0,0,,
Amnicola limosus,Amnicola limosus,1,1,0,1,Amnicola limosa- Updated on master taxa list
Amphiagrion,Amphiagrion,1,0,0,,
Amphinemura,Amphinemura,1,0,0,,
Amphinemura delosa,Amphinemura delosa,1,0,0,,
Amphinemura nigritta,Amphinemura nigritta,1,0,0,,
Amphinemura wui,Amphinemura wui,1,0,0,,
Amphipoda,Amphipoda,1,0,0,,
Anax junius,Anax junius,1,0,0,,
Anchytarsus bicolor,Anchytarsus bicolor,1,0,0,,
Ancylidae,Ancylidae,1,0,0,,
Ancyronyx variegatus,Ancyronyx variegatus,1,0,0,,
Anisoptera,Anisoptera,1,0,0,,
Annelida,Annelida,1,0,0,,
Anopheles,Anopheles,1,0,0,,
Anthopotamus,Anthopotamus,1,0,0,,
Antocha,Antocha,1,0,0,,
Apatania,Apatania,1,0,0,,
Apedilum ,Apedilum,1,0,0,,
Apsectrotanypus ,Apsectrotanypus,1,0,0,,
Arcteonais lomondi,Arcteonais lomondi,1,0,0,,
Arctopsyche ladogensis ,Arctopsyche ladogensis,1,0,0,,
Argia,Argia,1,0,0,,
Argia apicalis,Argia apicalis,1,0,0,,
Arigomphus,Arigomphus,1,0,0,,
Arigomphus furcifer,Arigomphus furcifer,1,0,0,,
Arrenurus,Arrenurus,1,0,0,,
Arthroplea bipunctata,Arthroplea bipunctata,1,0,0,,
Asellidae,Asellidae,1,0,0,,
Astacidae,Astacidae,1,0,0,,
Athericidae,Athericidae,1,0,0,,
Atherix,Atherix,1,0,0,,
Atherix lantha,Atherix lantha,1,0,0,,
Atherix variegata,Atherix variegata,1,0,0,,
Atractides,Atractides,1,0,0,,
Atrichopogon,Atrichopogon,1,0,0,,
Attaneuria ruralis,Attaneuria ruralis,1,0,0,,
Attenella attenuata,Attenella attenuata,1,0,0,,
Aturidae,Aturidae,1,0,0,,
Aturus ,Aturus,1,0,0,,
Aulodrilus,Aulodrilus,1,0,0,,
Aulodrilus japonicus,Aulodrilus japonicus,1,0,0,,
Aulodrilus limnobius,Aulodrilus limnobius,1,0,0,,
Aulodrilus pigueti,Aulodrilus pigueti,1,0,0,,
Aulodrilus pluriseta,Aulodrilus pluriseta,1,0,0,,
Baetidae,Baetidae,1,0,0,,
Baetis,Baetis,1,0,0,,
Baetis bicaudatus,Baetis bicaudatus,1,0,0,0,
Baetis brunneicolor,Baetis brunneicolor,1,0,0,,
Baetis flavistriga,Baetis flavistriga,1,0,0,,
Baetis flavistriga complex,Baetis,1,0,0,1,
Baetis fuscatus group,Baetis,1,0,0,1,
Baetis intercalaris,Baetis intercalaris,1,0,0,,
Baetis intercalaris complex,Baetis,1,0,0,1,
Baetis pluto,Baetis pluto,1,0,0,,
Baetis tricaudatus,Baetis tricaudatus,1,0,0,,
Baetis tricaudatus complex,Baetis,1,0,0,1,
Baetisca,Baetisca,1,0,0,,
Baetisca laurentina,Baetisca laurentina,1,0,0,,
Baetisca obesa,Baetisca obesa,1,0,0,,
Baetisca rubescens ,Baetisca rubescens,1,0,0,,
Basiaeschna,Basiaeschna,1,0,0,,
Basiaeschna janata,Basiaeschna janata,1,0,0,,
Belostoma,Belostoma,1,0,0,,
Belostoma flumineum,Belostoma flumineum,1,0,0,,
Berosus,Berosus,1,0,0,,
Bezzia group,Bezzia,1,0,0,1,
Bezzia/Palpomyia,Bezzia/Palpomyia,1,0,0,,
Bivalvia,Bivalvia,1,0,0,,
Blepharicera,Blepharicera,1,0,0,,
Blephariceridae,Blephariceridae,1,0,0,,
Boyeria,Boyeria,1,0,0,,
Boyeria grafiana,Boyeria grafiana,1,0,0,,
Boyeria vinosa,Boyeria vinosa,1,0,0,,
Brachycentridae,Brachycentridae,1,0,0,,
Brachycentrus,Brachycentrus,1,0,0,,
Brachycentrus americanus,Brachycentrus americanus,1,0,0,,
Brachycentrus appalachia,Brachycentrus appalachia,1,0,0,,
Brachycentrus lateralis,Brachycentrus lateralis,1,0,0,,
Brachycentrus nigrosoma,Brachycentrus nigrosoma,1,0,0,,
Brachycentrus numerosus,Brachycentrus numerosus,1,0,0,,
Brachycentrus solomoni,Brachycentrus solomoni,1,0,0,,
Brachycera,Brachycera,1,0,0,,
Brachyptera,Brachyptera,1,1,0,1,Brachypterinae- Updated on master taxa list
Branchiobdellida,Branchiobdellida,1,0,0,,
Branchiobdellidae,Branchiobdellidae,1,0,0,,
Branchiura sowerbyi,Branchiura sowerbyi,1,0,0,,
Brillia,Brillia,1,0,0,,
Brillia flavifrons,Brillia flavifrons,1,0,0,,
Brillia parva,Brillia parva,1,0,0,,
Brundiniella,Brundiniella,1,0,0,,
Caecidotea,Caecidotea,1,0,0,,
Caecidotea communis,Caecidotea communis,1,1,0,1,Conasellus communis- Updated on master taxa list
Caecidotea racovitzai,Caecidotea racovitzai,1,0,0,,
Caenidae,Caenidae,1,0,0,,
Caenis,Caenis,1,0,0,,
Caenis anceps,Caenis anceps,1,0,0,,
Caenis diminuta group,Caenis diminuta group,1,0,0,,
Caenis Hilaris group,Caenis hilaris group,1,0,0,,
Caenis latipennis,Caenis latipennis,1,0,0,,
Callibaetis,Callibaetis,1,0,0,,
Calopterygidae,Calopterygidae,1,0,0,,
Calopteryx,Calopteryx,1,0,0,,
Calopteryx aequabilis,Calopteryx aequabilis,1,0,0,,
Calopteryx maculata,Calopteryx maculata,1,0,0,,
Cambaridae,Cambaridae,1,0,0,,
Cambarus,Cambarus,1,0,0,,
Cambarus bartonii,Cambarus bartonii,1,0,0,,
Cambarus robustus,Cambarus robustus,1,0,0,,
Campeloma decisum,Campeloma decisum,1,0,0,,
Candonidae,Candonidae,1,0,0,,
Capnia,Capnia,1,0,0,,
Capniidae,Capniidae,1,0,0,,
Cardiocladius,Cardiocladius,1,0,0,,
Cardiocladius albiplumus,Cardiocladius albiplumus,1,0,0,,
Cardiocladius decisum,Cardiocladius decisum,1,0,0,,
Cardiocladius obscurus,Cardiocladius obscurus,1,0,0,,
Centroptilum,Centroptilum,1,0,0,,
Ceraclea,Ceraclea,1,0,0,,
Ceratopogonidae,Ceratopogonidae,1,0,0,,
Ceratopogoninae,Ceratopogoninae,1,0,0,,
Ceratopsyche,Ceratopsyche,1,0,0,,
Ceratopsyche alhedra,Ceratopsyche alhedra,1,0,0,,
Ceratopsyche bronta,Ceratopsyche bronta,1,0,0,,
Ceratopsyche morosa,Ceratopsyche morosa,1,1,0,1,Ceratopsyche bifida group- Updated on master taxa list
Ceratopsyche morosa,Ceratopsyche morosa,1,0,0,,
Ceratopsyche morosa,Ceratopsyche morosa,1,1,0,1,Ceratopsyche morosa group- Updated on master taxa list
Ceratopsyche slossonae,Ceratopsyche slossonae,1,0,0,,
Ceratopsyche sparna,Ceratopsyche sparna,1,0,0,,
Ceratopsyche ventura,Ceratopsyche ventura,1,0,0,,
Ceratopsyche walkeri,Ceratopsyche walkeri,1,0,0,,
Cernotina,Cernotina,1,0,0,,
Chaetocladius,Chaetocladius,1,0,0,,
Chaetogaster diastrophus,Chaetogaster diastrophus,1,0,0,,
Chaoborus,Chaoborus,1,0,0,,
Chauliodes,Chauliodes,1,0,0,,
Chelifera,Chelifera,1,0,0,,
Chelifera/Hemerodromia,Hemerodromiini,1,0,0,1,
Chelifera/Metachela,Chelifera/Metachela,1,0,0,,
Cheumatopsyche,Cheumatopsyche,1,0,0,,
Chimarra,Chimarra,1,0,0,,
Chimarra aterrima,Chimarra aterrima,1,0,0,,
Chimarra obscura,Chimarra obscura,1,0,0,,
Chimarra socia,Chimarra socia,1,0,0,,
Chironomidae,Chironomidae,1,0,0,,
Chironominae,Chironominae,1,0,0,,
Chironomini,Chironomini,1,0,0,,
Chironomus,Chironomus,1,0,0,,
Chloroperlidae,Chloroperlidae,1,0,0,,
Chloroperlidae/Leuctridae,Plecoptera,1,0,0,1,
Chromagrion conditum,Chromagrion conditum,1,0,0,,
Chrysops,Chrysops,1,0,0,,
Cinygmula subaequalis,Cinygmula subaequalis,1,0,0,,
Cipangopaludina,Cipangopaludina,1,0,0,,
Cipangopaludina chinensis,Cipangopaludina chinensis,1,0,0,,
Cladocera,Cladocera,1,0,0,,
Cladopelma,Cladopelma,1,0,0,,
Cladotanytarsus,Cladotanytarsus,1,0,0,,
Clathrosperchon,Clathrosperchon,1,0,0,,
Clathrosperchon americanus,Clathrosperchon americanus,1,0,0,,
Climacia,Climacia,1,0,0,,
Clinocera,Clinocera,1,0,0,,
Clinocera/Oreogeton/Wiedemannia,Empididae,1,0,0,1,
Clinocerinae,Clinocerinae,1,0,0,,
Clinotanypus,Clinotanypus,1,0,0,,
Clinotanypus pinguis,Clinotanypus pinguis,1,0,0,,
Clioperla clio,Clioperla clio,1,0,0,,
Cloeon dipterum,Cloeon dipterum,1,0,0,,
Cochlicopa,Cochlicopa,1,0,1,1,Valid name in ITIS: https://www.itis.gov/servlet/SingleRpt/SingleRpt?search_topic=TSN&search_value=76884#null
Coenagrion/Enallagma,Coenagrion/Enallagma,1,0,0,,
Coenagrionidae,Coenagrionidae,1,0,0,,
Coleoptera,Coleoptera,1,0,0,,
Collembola,Collembola (Collembola),1,0,0,1,
Conchapelopia,Conchapelopia,1,0,0,,
Corbicula,Corbicula,1,0,0,,
Corbicula fluminea,Corbicula fluminea,1,0,0,,
Corbiculoidea,Corbiculoidea,1,0,0,,
Cordulegaster,Cordulegaster,1,0,0,,
Cordulegaster diastatops,Cordulegaster diastatops,1,0,1,1,Valid name in ITIS: https://www.itis.gov/servlet/SingleRpt/SingleRpt?search_topic=TSN&search_value=102028#null
Cordulegaster erronea,Cordulegaster erronea,1,0,0,,
Cordulegaster maculata,Cordulegaster maculata,1,0,0,,
Cordulegaster obliqua,Cordulegaster obliqua,1,0,0,0,
Cordulegastridae,Cordulegastridae,1,0,0,,
Corduliidae,Corduliidae,1,0,0,,
Corixidae,Corixidae,1,0,0,,
Corydalidae,Corydalidae,1,0,0,,
Corydalus cornutus,Corydalus cornutus,1,0,0,,
Corynoneura,Corynoneura,1,0,0,,
Corynoneura caudicula,Corynoneura caudicula,1,0,0,1,Not in ITIS Other ref? or go up to genus?
Corynoneura lobata,Corynoneura lobata,1,0,0,,
Corynoneura sp. 12 (Bolton 2007),Corynoneura,1,0,0,1,
Corynoneura taris,Corynoneura taris,1,0,0,,
Crambidae,Crambidae,1,0,0,,
Crangonyctidae,Crangonyctidae,1,0,0,,
Crangonyx,Crangonyx,1,0,0,,
Crangonyx pseudogracilis,Crangonyx pseudogracilis,1,0,0,,
Cricotopus,Cricotopus,1,0,0,,
Cricotopus (Cricotopus),Cricotopus (Cricotopus),1,0,0,,
Cricotopus annulator complex,Cricotopus annulator,1,0,0,1,
Cricotopus bicinctus,Cricotopus bicinctus,1,0,0,,
Cricotopus bicinctus group,Cricotopus bicinctus group,1,0,0,,
Cricotopus intersectus group,Cricotopus intersectus group,1,0,0,,
Cricotopus sylvestris,Cricotopus sylvestris,1,0,0,,
Cricotopus Sylvestris group,Cricotopus sylvestris group,1,0,0,,
Cricotopus tremulus group,Cricotopus tremulus group,1,0,0,,
Cricotopus trifascia,Cricotopus trifascia,1,0,0,,
Cricotopus trifascia group,Cricotopus trifascia group,1,0,0,,
Cricotopus/Orthocladius,Cricotopus/Orthocladius,1,0,0,,
Cryptochironomus,Cryptochironomus,1,0,0,,
Cryptolabis,Cryptolabis,1,0,0,,
Cryptophagidae,Cryptophagidae,1,0,1,1,Valid name in ITIS: https://www.itis.gov/servlet/SingleRpt/SingleRpt?search_topic=TSN&search_value=114314#null
Cryptotendipes ,Cryptotendipes,1,0,0,,
Culex,Culex,1,0,0,,
Culicidae,Culicidae,1,0,0,,
Culicoides,Culicoides,1,0,0,,
Culoptila,Culoptila,1,0,0,,
Cultus decisus,Cultus decisus,1,0,0,,
Cura,Cura,1,0,0,,
Cura foremanii,Cura foremanii,1,0,0,,
Curculionidae,Curculionidae,1,0,0,,
Cyathura polita,Cyathura polita,1,0,0,,
Cyclopidae,Cyclopidae,1,0,0,,
Cyclopoida,Cyclopoida,1,0,0,,
Cymbiodyta ,Cymbiodyta,1,0,0,,
Cyrnellus fraternus,Cyrnellus fraternus,1,0,0,,
Dannella simplex,Dannella simplex,1,1,0,1,Timpanoga simplex- Updated on master taxa list
Daphniidae,Daphniidae,1,0,0,,
Dasyhelea,Dasyhelea,1,0,0,,
Decapoda,Decapoda,1,0,0,,
Demicryptochironomus,Demicryptochironomus,1,0,0,,
Dentatella ,Dentatella,1,0,0,,
Dero,Dero,1,0,0,,
Desserobdella phalera,Desserobdella phalera,1,0,0,,
Diamesa,Diamesa,1,0,0,,
Diamesa Type A,Diamesa,1,0,0,1,
Diamesinae,Diamesinae,1,0,0,,
Dibusa angata,Dibusa angata,1,0,0,,
Dicranota,Dicranota,1,0,0,,
Dicrotendipes,Dicrotendipes,1,0,0,,
Dicrotendipes fumidus,Dicrotendipes fumidus,1,0,0,,
Dicrotendipes modestus,Dicrotendipes modestus,1,0,0,,
Dicrotendipes neomodestus,Dicrotendipes neomodestus,1,0,0,,
Dicrotendipes nervosus/simpsoni/lucifer,Dicrotendipes,1,0,0,1,
Dicrotendipes simpsoni,Dicrotendipes simpsoni,1,0,0,,
Dictya pictipes,Dictya pictipes,1,0,1,1,Valid name in ITIS: https://www.itis.gov/servlet/SingleRpt/SingleRpt?search_topic=TSN&search_value=144807#null
Dicyrtomidae,Dicyrtomidae,1,0,1,1,Valid name in ITIS: https://www.itis.gov/servlet/SingleRpt/SingleRpt?search_topic=TSN&search_value=723406#null
Didymops transversa,Didymops transversa,1,0,0,,
Dineutus,Dineutus,1,0,0,,
Diphetor hageni,Diphetor hageni,1,0,0,,
Diplectrona,Diplectrona,1,0,0,,
Diplectrona metaqui,Diplectrona metaqui,1,0,0,,
Diplectrona modesta,Diplectrona modesta,1,0,0,,
Diplocladius,Diplocladius,1,0,0,,
Diplocladius cultriger,Diplocladius cultriger,1,0,0,,
Diptera,Diptera,1,0,0,,
Discus,Discus,1,0,1,1,Valid name in ITIS: https://www.itis.gov/servlet/SingleRpt/SingleRpt?search_topic=TSN&search_value=77395#null
Dixa,Dixa,1,0,0,,
Dixella,Dixella,1,0,0,,
Dixidae,Dixidae,1,0,0,,
Djalmabatista,Djalmabatista,1,0,0,,
Djalmabatista pulcher,Djalmabatista pulcher,1,0,0,,
Dolichopodidae,Dolichopodidae,1,0,0,,
Dolophilodes,Dolophilodes,1,0,0,,
Dolophilodes distinctus,Dolophilodes distinctus,1,0,0,,
Doncricotopus,Doncricotopus,1,0,0,,
Dreissena polymorpha,Dreissena polymorpha,1,0,0,,
Dromogomphus,Dromogomphus,1,0,0,,
Dromogomphus spinosus,Dromogomphus spinosus,1,0,0,,
Drunella,Drunella,1,0,0,,
Drunella cornuta,Drunella cornuta,1,0,0,,
Drunella lata,Drunella lata,1,0,0,,
Drunella tuberculata,Drunella tuberculata,1,0,0,,
Drunella walkeri,Drunella walkeri,1,0,0,,
Dryopidae,Dryopidae,1,0,0,,
Dubiraphia,Dubiraphia,1,0,0,,
Dubiraphia bivittata,Dubiraphia bivittata,1,0,0,,
Dubiraphia minima,Dubiraphia minima,1,0,0,,
Dubiraphia quadrinotata,Dubiraphia quadrinotata,1,0,0,,
Dubiraphia vittata,Dubiraphia vittata,1,0,0,,
Dytiscidae,Dytiscidae,1,0,0,,
Eccoptura xanthenes,Eccoptura xanthenes,1,0,0,,
Eclipidrilus,Eclipidrilus,1,0,0,,
Eclipidrilus lacustris,Eclipidrilus lacustris,1,0,0,,
Ectemnia,Ectemnia,1,0,0,,
Ectopria,Ectopria,1,0,0,,
Ectopria nervosa,Ectopria nervosa,1,0,0,,
Elimia,Elimia,1,0,0,,
Elimia virginica,Elimia virginica,1,0,0,,
Elliptio ,Elliptio,1,0,0,,
Elliptio complanata,Elliptio complanata,1,0,0,,
Elmidae,Elmidae,1,0,0,,
Elophila,Elophila,1,0,0,,
Empididae,Empididae,1,0,0,,
Empis/Hilara/Rhamphomyia,Empidinae,1,0,0,1,
Enallagma,Enallagma,1,0,0,,
Enchytraeidae,Enchytraeidae,1,0,0,,
Endochironomus,Endochironomus,1,0,0,,
Endochironomus nigricans,Endochironomus nigricans,1,0,0,,
Endochironomus subtendens,Endochironomus subtendens,1,0,0,,
Entomobryidae,Entomobryidae,1,0,0,,
Epeorus,Epeorus,1,0,0,,
Epeorus vitreus,Epeorus vitreus,1,0,0,,
Epeorus vitreus group,Epeorus vitreus group,1,0,0,,
Ephemera,Ephemera (Ephemeridae),1,0,0,1,
Ephemera simulans,Ephemera simulans,1,0,0,,
Ephemerella,Ephemerella,1,0,0,,
Ephemerella aurivillii,Ephemerella aurivillii,1,0,0,,
Ephemerella dorothea,Ephemerella dorothea,1,0,0,,
Ephemerella invaria,Ephemerella invaria,1,0,0,,
Ephemerella needhami,Ephemerella needhami,1,0,0,,
Ephemerella subvaria,Ephemerella subvaria,1,0,0,,
Ephemerella/Serratella,Ephemerella/Serratella,1,0,0,,
Ephemerellidae,Ephemerellidae,1,0,0,,
Ephemeridae,Ephemeridae,1,0,0,,
Ephemeroptera,Ephemeroptera,1,0,0,,
Ephoron leukon,Ephoron leukon,1,0,0,,
Ephydridae,Ephydridae,1,0,0,,
Epitheca,Epitheca,1,0,0,,
Epitheca princeps,Epitheca princeps,1,0,0,,
Epoicocladius,Epoicocladius,1,0,0,,
Erioptera ,Erioptera,1,0,0,,
Erpobdella,Erpobdella,1,0,0,,
Erpobdella punctata punctata,Erpobdella punctata punctata,1,0,0,,
Erpobdellidae,Erpobdellidae,1,0,0,,
Erythemis simplicicollis,Erythemis simplicicollis,1,0,0,,
Eukiefferiella,Eukiefferiella,1,0,0,,
Eukiefferiella brehmi group,Eukiefferiella brehmi group,1,0,0,,
Eukiefferiella brevicalcar group,Eukiefferiella brevicalcar group,1,0,0,,
Eukiefferiella claripennis group,Eukiefferiella claripennis group,1,0,0,,
Eukiefferiella coerulescens group,Eukiefferiella coerulescens group,1,0,0,,
Eukiefferiella devonica group,Eukiefferiella devonica group,1,0,0,,
Eukiefferiella gracei group,Eukiefferiella gracei group,1,0,0,,
Eukiefferiella potthastia,Eukiefferiella potthastia,1,0,0,,
Eukiefferiella potthastia group,Eukiefferiella,1,0,0,1,
Eukiefferiella pseudomontana,Eukiefferiella pseudomontana,1,0,0,,
Eukiefferiella pseudomontana group,Eukiefferiella pseudomontana group,1,0,0,,
Eukiefferiella tirolensis,Eukiefferiella tirolensis,1,0,0,,
Eurylophella,Eurylophella,1,0,0,,
Eurylophella aestiva,Eurylophella aestiva,1,0,0,,
Eurylophella funeralis,Eurylophella funeralis,1,0,0,,
Eurylophella lutulenta,Eurylophella lutulenta,1,0,0,,
Eurylophella minimella,Eurylophella minimella,1,0,0,,
Eurylophella temporalis,Eurylophella temporalis,1,0,0,,
Eurylophella verisimilis,Eurylophella verisimilis,1,0,0,,
Feltria ,Feltria,1,0,0,,
Ferrissia,Ferrissia,1,0,0,,
Ferrissia fragilis,Ferrissia fragilis,1,0,0,,
Ferrissia parallela,Ferrissia parallela,1,0,0,,
Ferrissia rivularis,Ferrissia rivularis,1,0,0,,
Ferrissia walkeri,Ferrissia walkeri,1,0,0,,
Fossaria,Fossaria,1,0,0,,
Fossaria parva,Fossaria parva,1,0,0,,
Fossaria/Stagnicola,Fossaria/Stagnicola,1,0,0,,
Frenesia difficilis,Frenesia difficilis,1,0,0,,
Galba,Galba,1,0,0,,
Gammaridae,Gammaridae,1,0,0,,
Gammarus,Gammarus,1,0,0,,
Gammarus fasciatus,Gammarus fasciatus,1,0,0,,
Gammarus lacustris,Gammarus lacustris,1,0,0,,
Gammarus minus,Gammarus minus,1,0,0,,
Gammarus pseudolimnaeus,Gammarus pseudolimnaeus,1,0,0,,
Gastropoda,Gastropoda,1,0,0,,
Glossiphonia complanata,Glossiphonia complanata,1,0,0,,
Glossiphoniidae,Glossiphoniidae,1,0,0,,
Glossosoma,Glossosoma,1,0,0,,
Glossosoma intermedium,Glossosoma intermedium,1,0,0,,
Glossosoma nigrior,Glossosoma nigrior,1,0,0,,
Glossosomatidae,Glossosomatidae,1,0,0,,
Glyptotendipes,Glyptotendipes,1,0,0,,
Glyptotendipes lobiferus,Glyptotendipes lobiferus,1,0,0,,
Goeldichironomus,Goeldichironomus,1,0,0,,
Goera,Goera,1,0,0,,
Goera calcarata,Goera calcarata,1,0,0,,
Goeridae,Goeridae,1,0,0,,
Gomphidae,Gomphidae,1,0,0,,
Gomphus,Gomphus,1,0,0,,
Gomphus (Hylogomphus),Gomphus (Hylogomphus),1,0,0,,
Gomphus descriptus,Gomphus descriptus,1,0,0,,
Gomphus spicatus,Gomphus spicatus,1,0,0,,
Gonomyia,Gonomyia,1,0,0,,
Gordius,Gordius,1,0,0,,
Gyraulus,Gyraulus,1,0,0,,
Gyraulus circumstriatus,Gyraulus circumstriatus,1,0,0,,
Gyraulus parvus,Gyraulus parvus,1,0,0,,
Gyrinidae,Gyrinidae,1,0,0,,
Gyrinus,Gyrinus,1,0,0,,
Habrophlebia vibrans,Habrophlebia vibrans,1,0,0,,
Habrophlebiodes,Habrophlebiodes,1,0,0,,
Hagenella canadensis,Hagenella canadensis,1,0,0,,
Hagenius brevistylus,Hagenius brevistylus,1,0,0,,
Haliplidae,Haliplidae,1,0,0,,
Haliplus ,Haliplus,1,0,0,,
Hansonoperla,Hansonoperla,1,0,0,,
Haploperla brevis,Haploperla brevis,1,0,0,,
Heleniella,Heleniella,1,0,0,,
Helichus,Helichus,1,0,0,,
Helichus basalis,Helichus basalis,1,0,0,,
Helichus fastigiatus,Helichus fastigiatus,1,0,0,,
Helichus lithophilus,Helichus lithophilus,1,0,0,,
Helicopsyche borealis,Helicopsyche borealis,1,0,0,,
Helicopsychidae,Helicopsychidae,1,0,0,,
Helisoma anceps,Helisoma anceps,1,0,0,,
Helobdella,Helobdella,1,0,0,,
Helobdella stagnalis,Helobdella stagnalis,1,0,0,,
Helocordulia selysii,Helocordulia selysii,1,0,0,,
Helopicus subvarians,Helopicus subvarians,1,0,0,,
Hemerodromia,Hemerodromia,1,0,0,,
Hemiptera,Hemiptera,1,0,0,,
Heptagenia,Heptagenia,1,0,0,,
Heptageniidae,Heptageniidae,1,0,0,,
Hesperoconopa,Hesperoconopa,1,0,0,,
Hesperocorixa,Hesperocorixa,1,0,0,,
Hesperocorixa vulgaris,Hesperocorixa vulgaris,1,0,0,,
Hetaerina,Hetaerina,1,0,0,,
Heterocloeon ,Heterocloeon,1,0,0,,
Heterocloeon amplum,Heterocloeon amplum,1,1,0,1,Acentrella ampla - Updated on master taxa list
Heterocloeon curiosum,Heterocloeon curiosum,1,0,0,,
Heterocloeon frivolum,Heterocloeon frivolum,1,0,0,,
Heteroplectron americanum,Heteroplectron americanum,1,0,0,,
Heterotrissocladius,Heterotrissocladius,1,0,0,,
Hexagenia,Hexagenia,1,0,0,,
Hexagenia limbata,Hexagenia limbata,1,0,0,,
Hexatoma,Hexatoma,1,0,0,,
Hirudinea,Hirudinea (Hirudinea),1,0,0,1,
Hirudinea species A,Hirudinea (Hirudinea),1,0,0,1,
Hirudinea species B,Hirudinea (Hirudinea),1,0,0,1,
Hirudinida,Hirudinida,1,0,0,,
Hyalella,Hyalella,1,0,0,,
Hyalella azteca,Hyalella azteca,1,0,0,,
Hybomitra ,Hybomitra,1,0,0,,
Hydatophylax,Hydatophylax,1,0,0,,
Hydatophylax argus/victor,Hydatophylax,1,0,0,1,
Hydrobaenus,Hydrobaenus,1,0,0,,
Hydrobiidae,Hydrobiidae,1,0,0,,
Hydrobius,Hydrobius,1,0,0,,
Hydrochus,Hydrochus,1,0,0,,
Hydrophilidae,Hydrophilidae,1,0,0,,
Hydroporinae,Hydroporinae,1,0,0,,
Hydroporus,Hydroporus,1,0,0,,
Hydropsyche,Hydropsyche,1,0,0,,
Hydropsyche (frisoni/venularis),Hydropsyche,1,0,0,1,
Hydropsyche betteni,Hydropsyche betteni,1,0,0,,
Hydropsyche phalerata,Hydropsyche phalerata,1,0,0,,
Hydropsyche placoda,Hydropsyche placoda,1,0,0,,
Hydropsyche scalaris,Hydropsyche scalaris,1,0,0,,
Hydropsychidae,Hydropsychidae,1,0,0,,
Hydroptila,Hydroptila,1,0,0,,
Hydroptilidae,Hydroptilidae,1,0,0,,
Hydrozoa,Hydrozoa,1,0,0,,
Hygrobates,Hygrobates,1,0,0,,
Hygrobatidae,Hygrobatidae,1,0,0,,
Hylogomphus adelphus,Hylogomphus adelphus,1,0,0,,
Ironoquia,Ironoquia,1,0,0,,
Ischnura,Ischnura,1,0,0,,
Isogenoides,Isogenoides,1,0,0,,
Isogenoides hansoni,Isogenoides hansoni,1,0,0,,
Isogenoides olivaceus,Isogenoides olivaceus,1,0,0,,
Isonychia,Isonychia,1,0,0,,
Isonychiidae,Isonychiidae,1,0,0,,
Isoperla,Isoperla,1,0,0,,
Isoperla bilineata,Isoperla bilineata,1,0,0,,
Isoperla dicala,Isoperla dicala,1,0,0,,
Isoperla gibbsae/transmarina,Isoperla,1,0,0,1,
Isoperla gibbsae/transmarina/richardsoni,Isoperla,1,0,0,1,
Isoperla marlynia,Isoperla marlynia,1,0,0,,
Isoperla namata,Isoperla namata,1,0,0,,
Isoperla similis,Isoperla similis,1,0,0,,
Isopoda,Isopoda,1,0,0,,
Isotomurus,Isotomurus,1,0,0,,
Iswaeon anoka,Iswaeon anoka,1,0,0,,
Kiefferulus,Kiefferulus,1,0,0,,
Krenosmittia,Krenosmittia,1,0,0,,
Labrundinia,Labrundinia,1,0,0,,
Labrundinia pilosella,Labrundinia pilosella,1,0,0,,
Laccophilus,Laccophilus,1,0,0,,
Laevapex fuscus,Laevapex fuscus,1,0,0,,
Lanthus,Lanthus,1,0,0,,
Lanthus parvulus,Lanthus parvulus,1,0,0,,
Lanthus vernalis,Lanthus vernalis,1,0,0,,
Larsia,Larsia,1,0,0,,
Lauterborniella agrayloides,Lauterborniella agrayloides,1,0,0,,
Lebertia,Lebertia,1,0,0,,
Lepidoptera,Lepidoptera,1,0,0,,
Lepidostoma,Lepidostoma,1,0,0,,
Lepidostomatidae,Lepidostomatidae,1,0,0,,
Leptoceridae,Leptoceridae,1,0,0,,
Leptocerus americanus,Leptocerus americanus,1,0,0,,
Leptophlebia,Leptophlebia,1,0,0,,
Leptophlebia cupida,Leptophlebia cupida,1,0,0,,
Leptophlebiidae,Leptophlebiidae,1,0,0,,
Lestes,Lestes,1,0,0,,
Lestes inaequalis,Lestes inaequalis,1,0,0,,
Lethocerus,Lethocerus,1,0,0,,
Leucorrhinia,Leucorrhinia,1,0,0,,
Leucotrichia pictipes,Leucotrichia pictipes,1,0,0,,
Leucrocuta,Leucrocuta,1,0,0,,
Leuctra,Leuctra,1,0,0,,
Leuctra maria,Leuctra maria,1,0,0,,
Leuctridae,Leuctridae,1,0,0,,
Libellula,Libellula,1,0,0,,
Libellulidae,Libellulidae,1,0,0,,
Libellulidae/Corduliidae,Corduliidae/Libellulidae,1,0,0,1,
Limnephilidae,Limnephilidae,1,0,0,,
Limnephiloidea,Limnephiloidea,1,0,0,,
Limnephilus,Limnephilus,1,0,0,,
Limnochares,Limnochares,1,0,0,,
Limnodrilus,Limnodrilus,1,0,0,,
Limnodrilus claparedianus,Limnodrilus claparedianus,1,0,0,,
Limnodrilus hoffmeisteri,Limnodrilus hoffmeisteri,1,0,0,,
Limnodrilus udekemianus,Limnodrilus udekemianus,1,0,0,,
Limnophila,Limnophila (Animalia),1,0,0,1,
Limnophora,Limnophora,1,0,0,,
Limnophyes,Limnophyes,1,0,0,,
Limonia,Limonia (Limoniini),1,0,0,1,
Limoniinae,Limoniinae,1,0,0,,
Liodessus,Liodessus,1,0,0,,
Lioporeus,Lioporeus,1,0,0,,
Lopescladius,Lopescladius,1,0,0,,
Lumbricidae,Lumbricidae,1,0,0,,
Lumbricina,Lumbricina,1,0,0,,
Lumbriculidae,Lumbriculidae,1,0,0,,
Lumbriculus,Lumbriculus,1,0,0,,
Lymnaeidae,Lymnaeidae,1,0,0,,
Lype,Lype,1,0,0,,
Lype diversa,Lype diversa,1,0,0,,
Maccaffertium,Maccaffertium,1,0,0,,
Maccaffertium ithaca,Maccaffertium ithaca,1,0,0,,
Maccaffertium luteum,Maccaffertium luteum,1,0,0,,
Maccaffertium mediopunctatum,Maccaffertium mediopunctatum,1,0,0,,
Maccaffertium mediopunctatum/ithaca,Maccaffertium,1,0,0,1,
Maccaffertium meririvulanum,Maccaffertium meririvulanum,1,0,0,,
Maccaffertium mexicanum,Maccaffertium mexicanum,1,0,0,,
Maccaffertium modestum,Maccaffertium modestum,1,0,0,,
Maccaffertium modestum group,Maccaffertium,1,0,0,1,
Maccaffertium pudicum,Maccaffertium pudicum,1,0,0,,
Maccaffertium terminatum,Maccaffertium terminatum,1,0,0,,
Maccaffertium vicarium,Maccaffertium vicarium,1,0,0,,
Macrocyclops albidus,Macrocyclops albidus,1,0,0,,
Macrocyclops fuscus,Macrocyclops fuscus,1,0,0,,
Macromia,Macromia,1,0,0,,
Macromia illinoiensis,Macromia illinoiensis,1,0,0,,
Macromiinae,Macromiinae,1,1,0,1,Macromiidae- Updated on master taxa list
Macronychus,Macronychus,1,0,0,,
Macronychus glabratus,Macronychus glabratus,1,0,0,,
Macrostemum,Macrostemum,1,0,0,,
Macrostemum carolina,Macrostemum carolina,1,0,0,,
Macrostemum zebratum,Macrostemum zebratum,1,0,0,,
Malirekus hastatus,Malirekus hastatus,1,0,0,,
Manayunkia speciosa,Manayunkia speciosa,1,0,0,,
Margaritifera margaritifera,Margaritifera margaritifera,1,0,0,,
Mayatrichia ,Mayatrichia,1,0,0,,
Menetus dilatatus,Menetus dilatatus,1,0,0,,
Mesovelia,Mesovelia,1,0,0,,
Metretopodidae,Metretopodidae,1,0,0,,
Metriocnemus,Metriocnemus,1,0,0,,
Micrasema,Micrasema,1,0,0,,
Micrasema Rusticum group,Micrasema rusticum group,1,0,0,,
Micrasema sprulesi,Micrasema sprulesi,1,0,0,,
Microchironomus,Microchironomus,1,0,0,,
Microcrambus,Microcrambus,1,0,0,,
Microcylloepus,Microcylloepus,1,0,0,,
Microcylloepus pusillus,Microcylloepus pusillus,1,0,0,,
Micromenetus,Micromenetus,1,0,0,,
Micropsectra,Micropsectra,1,0,0,,
Micropsectra polita,Micropsectra polita,1,0,0,,
Micropsectra/Tanytarsus,Micropsectra/Tanytarsus,1,0,0,,
Microtendipes,Microtendipes,1,0,0,,
Microtendipes pedellus group,Microtendipes pedellus group,1,0,0,,
Microtendipes rydalensis group,Microtendipes rydalensis group,1,0,0,,
Microvelia,Microvelia,1,0,0,,
Mideopsis,Mideopsis,1,0,0,,
Mideopsis/Nudomideopsis magnacetabula,Mideopsis/Nudomideopsis magnacetabula,1,0,1,1,Valid ITIS superfamily Arrenuroidea that covers both the spp. and genus listed A:  https://www.itis.gov/servlet/SingleRpt/SingleRpt?search_topic=TSN&search_value=895646#null
Molanna,Molanna,1,0,0,,
Molanna blenda,Molanna blenda,1,0,0,,
Molannidae,Molannidae,1,0,0,,
Molophilus,Molophilus,1,0,0,,
Monatractides,Monatractides,1,0,0,,
Muscidae,Muscidae,1,0,0,,
Musculium ,Musculium,1,0,0,,
Mystacides,Mystacides,1,0,0,,
Mystacides sepulchralis,Mystacides sepulchralis,1,0,0,,
Naididae,Naididae,1,0,0,,
Naidinae,Naidinae,1,0,0,,
Nais,Nais (Animalia),1,0,0,1,
Nais barbata,Nais barbata,1,0,0,,
Nais behningi,Nais behningi,1,0,0,,
Nais bretscheri,Nais bretscheri,1,0,0,,
Nais communis,Nais communis,1,0,0,,
Nais pardalis,Nais pardalis,1,0,0,,
Nais variabilis,Nais variabilis,1,0,0,,
Nanocladius,Nanocladius,1,0,0,,
Nanocladius (Plecopteracoluthus),Nanocladius (Plecopteracoluthus),1,0,0,,
Nanocladius branchicolus,Nanocladius branchicolus,1,0,0,,
Nanocladius crassicornis,Nanocladius crassicornis,1,0,0,1,Not in ITIS Other ref? or go up to genus?
Nanocladius distinctus,Nanocladius distinctus,1,0,0,,
Nanocladius minimus,Nanocladius minimus,1,0,0,,
Nanocladius rectinervis,Nanocladius rectinervis,1,0,0,,
Nanocladius spiniplenus,Nanocladius spiniplenus,1,0,0,,
Natarsia,Natarsia,1,0,0,,
Nectopsyche,Nectopsyche,1,0,0,,
Nematoda,Nematoda,1,1,0,1,Nemata- Updated on master taxa list
Nematoda,Nematoda,1,0,0,,
Nematomorpha,Nematomorpha,1,0,0,,
Nemertea,Nemertea,1,0,0,,
Nemotaulius hostilis,Nemotaulius hostilis,1,0,0,,
Nemotelus,Nemotelus,1,0,0,,
Nemoura,Nemoura,1,0,0,,
Nemouridae,Nemouridae,1,0,0,,
Neocloeon,Cloeon,1,0,0,1,
Neoleptophlebia,Neoleptophlebia sp.,1,0,0,1,
Neoperla,Neoperla,1,0,0,,
Neoperla clymene,Neoperla clymene,1,0,0,,
Neophylax,Neophylax,1,0,0,,
Neophylax fuscus,Neophylax fuscus,1,0,0,,
Neoplasta,Neoplasta,1,0,0,,
Neoplea,Neoplea,1,0,0,,
Neoplea striola,Neoplea striola,1,0,0,,
Neoporus,Neoporus,1,0,0,,
Neoporus carolinus,Neoporus carolinus,1,0,0,,
Neoporus clypealis,Neoporus clypealis,1,0,0,,
Neostempellina,Neostempellina,1,0,0,,
Neostempellina reissi,Neostempellina reissi,1,0,0,,
Nephelopsis obscura,Nephelopsis obscura,1,0,0,,
Neumania,Neumania,1,0,0,,
Neureclipsis,Neureclipsis,1,0,0,,
Neurocordulia yamaskanensis,Neurocordulia yamaskanensis,1,0,0,,
Nigronia,Nigronia,1,0,0,,
Nigronia serricornis,Nigronia serricornis,1,0,0,,
Nilotanypus,Nilotanypus,1,0,0,,
Nilotanypus fimbriatus,Nilotanypus fimbriatus,1,0,0,,
Nilothauma,Nilothauma,1,0,0,,
Nixe,Nixe,1,0,0,,
Noctuidae,Noctuidae,1,0,0,,
Notonecta,Notonecta,1,0,0,,
Notonecta insulata,Notonecta insulata,1,0,0,,
Notonecta irrorata,Notonecta irrorata,1,0,0,,
Nyctiophylax,Nyctiophylax,1,0,0,,
Ochrotrichia,Ochrotrichia,1,0,0,,
Odonata,Odonata,1,0,0,,
Odontoceridae,Odontoceridae,1,0,0,,
Odontomyia,Odontomyia,1,0,0,,
Oecetis,Oecetis,1,0,0,,
Oecetis avara,Oecetis avara,1,0,0,,
Oecetis avara group,Oecetis avara group,1,0,0,,
Oecetis persimilis,Oecetis persimilis,1,0,0,,
Oecetis testacea group,Oecetis testacea group,1,0,0,,
Oemopteryx,Oemopteryx,1,0,0,,
Oemopteryx glacialis,Oemopteryx glacialis,1,0,0,,
Oligochaeta,Oligochaeta (Oligochaeta),1,0,0,1,
Oligostomis,Oligostomis,1,0,0,,
Ophidonais serpentina,Ophidonais serpentina,1,0,0,,
Ophiogomphus,Ophiogomphus,1,0,0,,
Ophiogomphus carolus,Ophiogomphus carolus,1,0,0,,
Ophiogomphus mainensis,Ophiogomphus mainensis,1,0,0,,
Ophiogomphus rupinsulensis,Ophiogomphus rupinsulensis,1,0,0,,
Optioservus,Optioservus,1,0,0,,
Optioservus elegans,Optioservus elegans,1,0,1,1,Valid name in ITIS: https://www.itis.gov/servlet/SingleRpt/SingleRpt?search_topic=TSN&search_value=1065305#null
Optioservus Elegans group,Optioservus Elegans group,1,0,0,1,Valid name in ITIS: https://www.itis.gov/servlet/SingleRpt/SingleRpt?search_topic=TSN&search_value=1065305#null
Optioservus immunis,Optioservus immunis,1,0,0,,
Optioservus ovalis,Optioservus ovalis,1,0,0,,
Optioservus tardellus,Optioservus tardellus,1,0,0,,
Optioservus trivittatus,Optioservus trivittatus,1,0,0,,
Orconectes,Orconectes,1,0,0,,
Orconectes immunis,Orconectes immunis,1,0,0,,
Orconectes limosus,Orconectes limosus,1,0,0,,
Orconectes neglectus,Orconectes neglectus,1,0,0,,
Orconectes rusticus,Orconectes rusticus,1,0,0,,
Orconectes virilis,Orconectes virilis,1,0,0,,
Oreogeton,Oreogeton,1,0,0,,
Oribatei,Oribatida,1,0,0,1,
Oribatida,Oribatida,1,0,0,,
Ormosia,Ormosia (Eriopterini),1,0,0,1,
Orthocladiinae,Orthocladiinae,1,0,0,,
Orthocladius,Orthocladius,1,0,0,,
Orthocladius (Eudactylocladius) dubitatus,Orthocladius dubitatus,1,0,0,1,
Orthocladius (Euorthocladius),Orthocladius (Euorthocladius),1,0,0,,
Orthocladius (Euorthocladius) rivicola,Orthocladius rivicola,1,0,0,1,
Orthocladius (Euorthocladius) rivicola group,Orthocladius rivicola group,1,0,0,1,
Orthocladius (Euorthocladius) rivulorum,Orthocladius rivulorum,1,0,0,1,
Orthocladius (Orthocladius),Orthocladius (Orthocladius),1,0,0,,
Orthocladius (Orthocladius) annectens,Orthocladius annectens,1,0,0,1,
Orthocladius (Orthocladius) carlatus,Orthocladius carlatus,1,0,0,1,
Orthocladius (Orthocladius) clarkei/obumbratus,Orthocladius (Orthocladius),1,0,0,1,
Orthocladius (Orthocladius) dorenus,Orthocladius dorenus,1,0,0,1,
Orthocladius (Orthocladius) nigritus,Orthocladius nigritus,1,0,0,1,
Orthocladius (Orthocladius) oliveri,Orthocladius oliveri,1,0,0,1,
Orthocladius (Symposiocladius) lignicola,Orthocladius lignicola,1,0,0,1,
Orthocladius Complex,Orthocladius Complex,1,0,0,,
Orthocladius obumbratus,Orthocladius obumbratus,1,0,0,,
Orthotrichia,Orthotrichia,1,0,0,,
Osphranticum labronectum,Osphranticum labronectum,1,0,0,,
Ostracoda,Ostracoda,1,0,0,,
Ostrocerca,Ostrocerca,1,0,0,,
Ostrocerca albidipennis,Ostrocerca albidipennis,1,0,0,,
Oulimnius,Oulimnius,1,0,0,,
Oulimnius latiusculus,Oulimnius latiusculus,1,0,0,,
Oulimnius nitidulus,Oulimnius nitidulus,1,0,0,,
Oxyethira,Oxyethira,1,0,0,,
Pachydiplax longipennis,Pachydiplax longipennis,1,0,0,,
Pagastia,Pagastia,1,0,0,,
Pagastia orthogonia,Pagastia orthogonia,1,0,0,,
Pagastiella,Pagastiella,1,0,0,,
Palaeagapetus celsus,Palaeagapetus celsus,1,0,0,,
Palmacorixa buenoi,Palmacorixa buenoi,1,0,0,,
Palmacorixa nana,Palmacorixa nana,1,0,0,,
Paracapnia,Paracapnia,1,0,0,,
Parachaetocladius,Parachaetocladius,1,0,0,,
Parachironomus,Parachironomus,1,0,0,,
Parachironomus abortivus,Parachironomus abortivus,1,0,0,,
Parachironomus frequens,Parachironomus frequens,1,0,0,,
Paracladopelma,Paracladopelma,1,0,0,,
Paracricotopus,Paracricotopus,1,0,0,,
Paragnetina,Paragnetina,1,0,0,,
Paragnetina immarginata,Paragnetina immarginata,1,0,0,,
Paragnetina media,Paragnetina media,1,0,0,,
Parakiefferiella,Parakiefferiella,1,0,0,,
Paralauterborniella nigrohalterale,Paralauterborniella nigrohalterale,1,0,0,,
Paraleptophlebia,Paraleptophlebia,1,0,0,,
Paraleptophlebia adoptiva,Paraleptophlebia adoptiva,1,1,0,1,Neoleptophlebia adoptiva- Updated on master taxa list
Paraleptophlebia debilis,Paraleptophlebia debilis,1,0,0,,
Paraleptophlebia mollis,Paraleptophlebia mollis,1,0,0,,
Paraleuctra sara,Paraleuctra sara,1,0,0,,
Paramerina,Paramerina,1,0,0,,
Parametriocnemus,Parametriocnemus,1,0,0,,
Paranemoura perfecta,Paranemoura perfecta,1,0,0,,
Paraphaenocladius,Paraphaenocladius,1,0,0,,
Paraponyx,Paraponyx,1,0,0,,
Parapoynx,Parapoynx,1,0,0,,
Parapsyche apicalis ,Parapsyche apicalis,1,0,0,,
Paratanytarsus,Paratanytarsus,1,0,0,,
Paratanytarsus longistilus,Paratanytarsus longistilus,1,0,0,1,Not in ITIS Other ref?  Or go up to genus?
Paratendipes,Paratendipes,1,0,0,,
Paratendipes albimanus,Paratendipes albimanus,1,0,0,,
Pedicia,Pedicia,1,0,0,,
Pelocoris,Pelocoris,1,0,0,,
Peltodytes,Peltodytes,1,0,0,,
Peltoperla arcuata,Peltoperla arcuata,1,0,0,,
Peltoperlidae,Peltoperlidae,1,0,0,,
Penelomax septentrionalis,Penelomax septentrionalis,1,0,0,,
Pentaneura,Pentaneura,1,0,0,,
Pentaneurini,Pentaneurini,1,0,0,,
Pericoma,Pericoma,1,0,0,,
Perlesta placida,Perlesta placida,1,0,0,,
Perlidae,Perlidae,1,0,0,,
Perlinella drymo,Perlinella drymo,1,0,0,,
Perlodidae,Perlodidae,1,0,0,,
Perlodini,Perlodini,1,0,0,,
Petrophila,Petrophila,1,0,0,,
Phaenopsectra,Phaenopsectra,1,0,0,,
Phaenopsectra obediens group,Phaenopsectra obediens group,1,0,0,,
Phaenopsectra punctipes group,Phaenopsectra punctipes group,1,0,0,,
Phalacrocera,Phalacrocera,1,0,0,,
Philopotamidae,Philopotamidae,1,0,0,,
Phryganeidae,Phryganeidae,1,0,0,,
Phylocentropus,Phylocentropus,1,0,0,,
Physa,Physa,1,0,0,,
Physa gyrina,Physa gyrina,1,0,0,,
Physa heterostropha,Physa heterostropha,1,0,0,,
Physa integra/heterostropha group,Physa,1,0,0,1,
Physella,Physella,1,0,0,,
Physella acuta,Physella acuta,1,0,0,,
Physidae,Physidae,1,0,0,,
Piguetiella blanci,Piguetiella blanci,1,1,0,1,Piquetiella blanci- Updated on master taxa list
Pilaria,Pilaria,1,0,0,,
Pisidiidae,Pisidiidae,1,0,0,,
Pisidiidae,Pisidiidae,1,1,0,1,Sphaeriidae- Updated on master taxa list
Pisidium,Pisidium,1,0,0,,
Planariidae,Planariidae,1,0,0,,
Planorbella,Planorbella,1,0,0,,
Planorbella trivolvis,Planorbella trivolvis,1,1,0,1,Helisoma trivolvis- Updated on master taxa list
Planorbella trivolvis group,Planorbella trivolvis,1,0,0,1,
Planorbidae,Planorbidae,1,0,0,,
Planorbula armigera,Planorbula armigera,1,0,0,,
Platycentropus,Platycentropus,1,0,0,,
Plauditus,Plauditus,1,0,0,,
Plecoptera,Plecoptera,1,0,0,,
Plectrocnemia,Plectrocnemia,1,0,0,,
Polycentropodidae,Polycentropodidae,1,0,0,,
Polycentropus,Polycentropus,1,0,0,,
Polypedilum,Polypedilum,1,0,0,,
Polypedilum aviceps,Polypedilum aviceps,1,0,0,,
Polypedilum braseniae,Polypedilum braseniae,1,0,0,,
Polypedilum epleri,Polypedilum epleri,1,0,0,,
Polypedilum fallax,Polypedilum fallax,1,0,0,,
Polypedilum fallax group,Polypedilum fallax group,1,0,0,,
Polypedilum flavum,Polypedilum flavum,1,0,0,,
Polypedilum halterale group,Polypedilum halterale group,1,0,0,,
Polypedilum illinoense group,Polypedilum illinoense group,1,0,0,,
Polypedilum laetum,Polypedilum laetum,1,0,0,,
Polypedilum ontario,Polypedilum ontario,1,0,0,,
Polypedilum scalaenum group,Polypedilum scalaenum group,1,0,0,,
Polypedilum tritum,Polypedilum tritum,1,0,0,,
Potamanthidae,Potamanthidae,1,0,0,,
Potthastia,Potthastia,1,0,0,,
Potthastia gaedii,Potthastia gaedii,1,0,0,,
Potthastia gaedii group,Potthastia gaedii group,1,0,0,,
Potthastia longimana,Potthastia longimana,1,0,0,,
Potthastia longimana group,Potthastia longimana group,1,0,0,,
Potthastia longimana/gaedii group,Potthastia,1,0,0,1,
Pristina,Pristina,1,0,0,,
Pristina jenkinae,Pristina jenkinae,1,0,0,,
Pristina osborni,Pristina osborni,1,0,0,,
Pristinella osborni,Pristinella osborni,1,0,0,,
Probezzia,Probezzia,1,0,0,,
Procambarus,Procambarus,1,0,0,,
Procambarus acutus,Procambarus acutus,1,0,0,,
Procambarus clarkii,Procambarus clarkii,1,0,0,,
Procladius,Procladius,1,0,0,,
Procladius (Holotanypus),Procladius (Holotanypus),1,0,0,,
Procloeon,Procloeon,1,0,0,,
Prodiamesa,Prodiamesa,1,0,0,,
Promenetus exacuous,Promenetus exacuous,1,0,0,,
Promoresia,Promoresia,1,0,0,,
Promoresia elegans,Promoresia elegans,1,0,0,,
Promoresia tardella,Promoresia tardella,1,0,0,,
Prosimulium,Prosimulium,1,0,0,,
Prostoia,Prostoia,1,0,0,,
Prostoma,Prostoma,1,0,0,,
Prostoma graecense,Prostoma graecense,1,0,0,,
Protoplasa fitchii,Protoplasa fitchii,1,0,0,,
Protoptila,Protoptila,1,0,0,,
Protzia,Protzia,1,0,0,,
Protzia exima,Protzia exima,1,0,0,1,Valid name in ITIS: https://www.itis.gov/servlet/SingleRpt/SingleRpt?search_topic=TSN&search_value=83171#null
Psectrocladius,Psectrocladius,1,0,0,,
Psectrocladius (Psectrocladius),Psectrocladius,1,0,0,1,
Psectrotanypus,Psectrotanypus,1,0,0,,
Psephenidae,Psephenidae,1,0,0,,
Psephenus herricki,Psephenus herricki,1,0,0,,
Pseudochironomus,Pseudochironomus,1,0,0,,
Pseudocloeon,Pseudocloeon,1,0,0,,
Pseudocloeon frondale,Pseudocloeon frondale,1,0,0,,
Pseudolimnophila,Pseudolimnophila,1,0,0,,
Pseudorthocladius,Pseudorthocladius,1,0,0,,
Pseudosmittia ,Pseudosmittia,1,0,0,,
Pseudosuccinea columella,Pseudosuccinea columella,1,0,0,,
Psilometriocnemus,Psilometriocnemus,1,0,0,,
Psilotreta,Psilotreta,1,0,0,,
Psilotreta frontalis,Psilotreta frontalis,1,0,0,,
Psilotreta labida,Psilotreta labida,1,0,0,,
Psychoda,Psychoda,1,0,0,,
Psychodidae,Psychodidae,1,0,0,,
Psychoglypha,Psychoglypha,1,0,0,,
Psychomyia,Psychomyia,1,0,0,,
Psychomyia flavida,Psychomyia flavida,1,0,0,,
Psychomyia nomada,Psychomyia nomada,1,0,0,,
Psychomyiidae,Psychomyiidae,1,0,0,,
Pteronarcyidae,Pteronarcyidae,1,0,0,,
Pteronarcys,Pteronarcys,1,0,0,,
Pteronarcys biloba,Pteronarcys biloba,1,0,0,,
Pteronarcys proteus,Pteronarcys proteus,1,0,0,,
Ptilodactylidae,Ptilodactylidae,1,0,0,,
Ptilostomis,Ptilostomis,1,0,0,,
Pycnopsyche,Pycnopsyche,1,0,0,,
Quistradrilus multisetosus,Quistadrilus multisetosus,1,0,0,1,
Ranatra,Ranatra,1,0,0,,
Ranatra nigra,Ranatra nigra,1,0,0,,
Rasvena,Rasvena,1,0,0,,
Rasvena terna,Rasvena terna,1,0,0,,
Remenus bilobatus,Remenus bilobatus,1,0,0,,
Rhagovelia,Rhagovelia,1,0,0,,
Rhantus,Rhantus,1,0,0,,
Rheocricotopus,Rheocricotopus,1,0,0,,
Rheocricotopus (robacki),Rheocricotopus robacki,1,0,0,1,
Rheocricotopus robacki,Rheocricotopus robacki,1,0,0,,
Rheosmittia,Rheosmittia,1,0,0,,
Rheosmittia arcuata,Rheosmittia arcuata,1,0,0,,
Rheotanytarsus,Rheotanytarsus,1,0,0,,
Rheotanytarsus distinctissimus group,Rheotanytarsus,1,0,0,1,
Rheotanytarsus exiguus group,Rheotanytarsus exiguus group,1,0,0,,
Rheotanytarsus pellucidus,Rheotanytarsus pellucidus,1,0,0,,
Rheotanytarsus pellucidus group,Rheotanytarsus,1,0,0,1,
Rheumatobates,Rheumatobates,1,0,0,,
Rhithrogena,Rhithrogena,1,0,0,,
Rhyacophila,Rhyacophila,1,0,0,,
Rhyacophila acutiloba,Rhyacophila acutiloba,1,0,0,,
Rhyacophila angelita,Rhyacophila angelita,1,0,0,,
Rhyacophila atrata,Rhyacophila atrata,1,0,0,,
Rhyacophila carolina,Rhyacophila carolina,1,0,0,,
Rhyacophila carolina group,Rhyacophila carolina group,1,0,0,,
Rhyacophila formosa,Rhyacophila formosa,1,0,0,,
Rhyacophila fuscula,Rhyacophila fuscula,1,0,0,,
Rhyacophila invaria group,Rhyacophila invaria group,1,0,0,,
Rhyacophila mainensis,Rhyacophila mainensis,1,0,0,,
Rhyacophila manistee,Rhyacophila manistee,1,0,0,,
Rhyacophila minora,Rhyacophila minora,1,0,0,,
Rhyacophila nigrita,Rhyacophila nigrita,1,0,0,,
Rhyacophila nigrita complex,Rhyacophila,1,0,0,1,
Rhyacophila sibirica,Rhyacophila sibirica,1,0,0,,
Rhyacophila torva,Rhyacophila torva,1,0,0,,
Rhyacophila Type C,Rhyacophila,1,0,0,1,
Rhyacophila Type D,Rhyacophila,1,0,0,1,
Rhyacophila Type E,Rhyacophila,1,0,0,1,
Rhyacophila Type F,Rhyacophila,1,0,0,1,
Rhyacophilidae,Rhyacophilidae,1,0,0,,
Rhyncholimnochares,Rhyncholimnochares,1,0,0,,
Ripistes parasita,Ripistes parasita,1,0,0,,
Rissooidea,Rissooidea,1,0,0,,
Robackia,Robackia,1,0,0,,
Robackia demeijerei,Robackia demeijerei,1,0,0,,
Roederiodes,Roederiodes,1,0,0,,
Saetheria,Saetheria,1,0,0,,
Saetheria tylus,Saetheria tylus,1,0,0,,
Sciaridae,Sciaridae,1,0,0,,
Sciomyzidae,Sciomyzidae,1,0,0,,
Scirtidae,Scirtidae,1,0,0,,
Sericostomatidae,Sericostomatidae,1,0,0,,
Serratella,Serratella,1,0,0,,
Serratella frisoni,Serratella frisoni,1,0,0,,
Serratella serrata,Serratella serrata,1,0,0,,
Serratella serratoides,Serratella serratoides,1,0,0,,
Setodes,Setodes,1,0,0,,
Shipsa rotunda,Shipsa rotunda,1,0,0,,
Sialidae,Sialidae,1,0,0,,
Sialis,Sialis,1,0,0,,
Sigara,Sigara,1,0,0,,
Sigara dolabra,Sigara dolabra,1,0,0,,
Sigara modesta,Sigara modesta,1,0,0,,
Simocephalus,Simocephalus,1,0,0,,
Simuliidae,Simuliidae,1,0,0,,
Simulium,Simulium,1,0,0,,
Simulium (Eusimulium),Simulium,1,0,0,1,
Simulium fibrinflatum,Simulium fibrinflatum,1,0,0,,
Simulium jenningsi,Simulium jenningsi,1,0,0,,
Simulium jenningsi group,Simulium jenningsi group,1,0,0,,
Simulium tuberosum complex,Simulium tuberosum complex,1,0,0,,
Simulium tuberosum group,Simulium,1,0,0,1,
Simulium ubiquitum,Simulium ubiquitum,1,0,0,1,Not in ITIS Other ref?  Or go up to genus?
Simulium venustum group,Simulium venustum group,1,0,0,1,There is a Simulium venustum complex but not group.  Same thing?
Simulium vittatum,Simulium vittatum,1,0,0,,
Siphlonuridae,Siphlonuridae,1,0,0,,
Siphlonurus,Siphlonurus,1,0,0,,
Siphlonurus quebecensis,Siphlonurus quebecensis,1,0,0,,
Siphloplecton ,Siphloplecton,1,0,0,,
Sisyridae,Sisyridae,1,0,0,,
Slavina appendiculata,Slavina appendiculata,1,0,0,,
Smittia,Smittia,1,0,0,,
Somatochlora,Somatochlora,1,0,0,,
Soyedina,Soyedina,1,0,0,,
Soyedina vallicularia/washingtoni,Soyedina,1,0,0,1,
Sparganophilus,Sparganophilus,1,0,0,,
Specaria josinae,Specaria josinae,1,0,0,,
Sperchon,Sperchon,1,0,0,,
Sperchonopsis,Sperchonopsis,1,0,0,,
Sperchopsis tessellata,Sperchopsis tessellata,1,0,0,,
Sphaerium,Sphaerium,1,0,0,,
Sphaerium simile,Sphaerium simile,1,0,0,,
Spirosperma ferox,Spirosperma ferox,1,0,0,,
Stagnicola,Stagnicola,1,0,0,,
Stagnicola elodes,Stagnicola elodes,1,0,0,,
Staphylinidae,Staphylinidae,1,0,0,,
Stegopterna,Stegopterna,1,0,0,,
Stempellinella,Stempellinella,1,0,0,,
Stempellinella fimbriata,Stempellinella fimbriata,1,0,0,,
Stenacron,Stenacron,1,0,0,,
Stenacron interpunctatum,Stenacron interpunctatum,1,0,0,,
Stenelmis,Stenelmis,1,0,0,,
Stenelmis concinna,Stenelmis concinna,1,0,0,,
Stenelmis crenata,Stenelmis crenata,1,0,0,,
Stenelmis humerosa,Stenelmis humerosa,1,0,0,,
Stenelmis markeli,Stenelmis markeli,1,0,0,,
Stenelmis mera,Stenelmis mera,1,0,0,,
Stenelmis mirabilis,Stenelmis mirabilis,1,0,0,,
Stenelmis sandersoni,Stenelmis sandersoni,1,0,0,,
Stenochironomus,Stenochironomus,1,0,0,,
Stenonema femoratum,Stenonema femoratum,1,0,0,,
Stictochironomus,Stictochironomus,1,0,0,,
Stilocladius,Stilocladius,1,0,0,,
Stilocladius clinopecten,Stilocladius clinopecten,1,0,0,,
Stratiomyidae,Stratiomyidae,1,0,0,,
Strophopteryx fasciata,Strophopteryx fasciata,1,0,0,,
Stygobromus,Stygobromus,1,0,0,,
Stygothrombium,Stygothrombium,1,0,0,,
Stylaria lacustris,Stylaria lacustris,1,0,0,,
Stylodrilus,Stylodrilus,1,0,0,,
Stylodrilus heringianus,Stylodrilus heringianus,1,0,0,,
Stylogomphus albistylus,Stylogomphus albistylus,1,0,0,,
Stylommatophora,Stylommatophora,1,0,0,,
Stylurus,Stylurus,1,0,0,,
Stylurus plagiatus,Stylurus plagiatus,1,0,0,,
Stylurus spiniceps,Stylurus spiniceps,1,0,0,,
Sublettea,Sublettea,1,0,0,,
Sublettea coffmani,Sublettea coffmani,1,0,0,,
Succinea,Succinea,1,0,0,,
Suwallia,Suwallia,1,0,0,,
Suwallia/Sweltza,Chloroperlinae,1,0,0,1,
Sweltsa,Sweltsa,1,0,0,,
Symbiocladius,Symbiocladius,1,0,0,,
Symposiocladius lignicola,Orthocladius lignicola,1,0,0,1,
Sympotthastia,Sympotthastia,1,0,0,,
Synorthocladius,Synorthocladius,1,0,0,,
Synorthocladius semivirens,Synorthocladius semivirens,1,1,0,1,Synorthocladius (semivirens)- Updated on master taxa list
Synorthocladius semivirens,Synorthocladius semivirens,1,0,0,,
Synurella,Synurella,1,0,0,,
Synurella chamberlaini,Synurella chamberlaini,1,0,0,,
Syrphidae,Syrphidae,1,0,0,,
Tabanidae,Tabanidae,1,0,0,,
Tabanus,Tabanus,1,0,0,,
Taenionema,Taenionema,1,0,0,,
Taenionema atlanticum,Taenionema atlanticum,1,0,0,,
Taeniopterygidae,Taeniopterygidae,1,0,0,,
Taeniopteryx,Taeniopteryx,1,0,0,,
Taeniopteryx burksi group,Taeniopteryx,1,0,0,1,
Tallaperla,Tallaperla,1,0,0,,
Tallaperla maria,Tallaperla maria,1,0,0,,
Tanyderidae,Tanyderidae,1,0,0,,
Tanypodinae,Tanypodinae,1,0,0,,
Tanypus,Tanypus,1,0,0,,
Tanytarsini,Tanytarsini,1,0,0,,
Tanytarsus,Tanytarsus,1,0,0,,
Tanytarsus coffmani,Sublettea coffmani,1,0,0,1,
Tanytarsus glabrescens group,Tanytarsus,1,0,0,1,
Tanytarsus guerlus group,Tanytarsus,1,0,0,1,
Tanytarsus sp. M (Epler 2001),Tanytarsus,1,0,0,1,
Teloganopsis deficiens,Teloganopsis deficiens,1,1,0,1,Serratella deficiens- Updated on master taxa list
Teloganopsis deficiens,Teloganopsis deficiens,1,0,0,,
Testudacarus,Testudacarus,1,0,0,,
Thienemanniella,Thienemanniella,1,0,0,,
Thienemanniella fusca,Thienemanniella fusca,1,0,0,,
Thienemanniella xena,Thienemanniella xena,1,0,0,,
Thienemannimyia group,Thienemannimyia group,1,0,0,,
Tipula,Tipula,1,0,0,,
Tipula (Nippotipula),Tipula,1,0,0,1,
Tipula (Savtshenkia),Tipula,1,0,0,1,
Tipula (Yamatotipula),Tipula,1,0,0,1,
Tipulidae,Tipulidae,1,0,0,,
Tokunagaia,Tokunagaia,1,0,0,,
Torrenticola,Torrenticola,1,0,0,,
Trepaxonemata,Trepaxonemata,1,0,0,,
Trepobates,Trepobates,1,0,0,,
Triaenodes,Triaenodes,1,0,0,,
Tribelos,Tribelos,1,0,0,,
Tribelos jucundum,Tribelos jucundum,1,0,0,,
Trichocorixa,Trichocorixa,1,0,0,,
Trichocorixa borealis,Trichocorixa borealis,1,0,0,,
Trichocorixa calva,Trichocorixa calva,1,0,0,,
Trichoptera,Trichoptera,1,0,0,,
Tricorythidae,Tricorythidae,1,0,0,,
Tricorythodes,Tricorythodes,1,0,0,,
Trissocladius,Hydrobaenus,1,0,0,1,
Trissopelopia,Trissopelopia,1,0,0,,
Tropisternus,Tropisternus,1,0,0,,
Truncatelloidea,Truncatelloidea,1,0,0,,
Tubificidae,Tubificidae,1,0,0,,
Tubificidae Type I,Tubificidae,1,0,0,1,
Tubificidae Type II,Tubificidae,1,0,0,1,
Tubificidae w/ cap setae,Tubificidae,1,0,0,1,
Tubificidae w/o cap setae,Tubificidae,1,0,0,1,
Tubificinae,Tubificinae,1,0,0,,
Tubificoid naididae w/o cap setae,Naididae,1,0,0,1,
Turbellaria,Platyhelminthes,1,0,0,1,
Tvetenia,Tvetenia,1,0,0,,
Tvetenia bavarica group,Tvetenia bavarica group,1,0,0,,
Tvetenia bavarica/paucunca,Tvetenia,1,0,0,1,
Tvetenia discoloripes group,Tvetenia discoloripes group,1,0,0,,
Tvetenia paucunca,Tvetenia paucunca,1,0,0,,
Tvetenia tshernovskii,Tvetenia tshernovskii,1,0,0,,
Tvetenia vitracies group,Tvetenia,1,0,0,1,
Uchidastygacarus,Uchidastygacarus,1,0,0,,
Unionicola,Unionicola,1,0,0,,
Unionidae,Unionidae,1,0,0,,
Unniella,Unniella,1,0,0,,
Unniella multivirga,Unniella multivirga,1,0,0,,
Utaperla,Utaperla,1,0,0,,
Valvata,Valvata,1,0,0,,
Valvata tricarinata,Valvata tricarinata,1,0,0,,
Vejdovskyella,Vejdovskyella,1,0,0,,
Vitrinidae,Vitrinidae,1,0,0,1,Valid name in ITIS: https://www.itis.gov/servlet/SingleRpt/SingleRpt?search_topic=TSN&search_value=77136#null
Viviparidae,Viviparidae,1,0,0,,
Wiedemannia,Wiedemannia,1,0,0,,
Wormaldia,Wormaldia,1,0,0,,
Xenochironomus,Xenochironomus,1,0,0,,
Xenochironomus xenolabis,Xenochironomus xenolabis,1,0,0,,
Xestochironomus,Xestochironomus,1,0,0,,
Xylotopus par,Xylotopus par,1,0,0,,
Zavrelimyia,Zavrelimyia,1,0,0,,
Zavrelimyia (Zavrelimyia),Zavrelimyia,1,0,0,1,
Zygoptera,Zygoptera,1,0,0,,
